Row Type,Action,Ad group status,Campaign,Ad group,Ad group type,Default max. CPC
Ad group,Add,Enabled,Vinellu - Rotulos - Search,rotulo-alamos,Standard,"1,50"
Ad group,Add,Enabled,Vinellu - Rotulos - Search,rotulo-luigi-bosca,Standard,"1,50"
Ad group,Add,Enabled,Vinellu - Rotulos - Search,rotulo-dv-catena,Standard,"1,50"
Ad group,Add,Enabled,Vinellu - Rotulos - Search,rotulo-angelica-zapata,Standard,"1,50"
Ad group,Add,Enabled,Vinellu - Rotulos - Search,rotulo-gran-enemigo,Standard,"1,50"
Ad group,Add,Enabled,Vinellu - Rotulos - Search,rotulo-montes-alpha,Standard,"1,50"
Ad group,Add,Enabled,Vinellu - Rotulos - Search,rotulo-casa-concha,Standard,"1,50"
Ad group,Add,Enabled,Vinellu - Rotulos - Search,rotulo-cartuxa,Standard,"1,50"
Ad group,Add,Enabled,Vinellu - Rotulos - Search,rotulo-esporao,Standard,"1,50"
Ad group,Add,Enabled,Vinellu - Rotulos - Search,rotulo-miolo,Standard,"1,50"
Ad group,Add,Enabled,Vinellu - Rotulos - Search,rotulo-casillero,Standard,"1,50"
Ad group,Add,Enabled,Vinellu - Rotulos - Search,rotulo-reservado,Standard,"1,50"
