Row Type,Action,Keyword status,Campaign,Ad group,Keyword,Type
Keyword,Add,Enabled,Vinellu - Rotulos - Search,rotulo-alamos,alamos,Phrase match
Keyword,Add,Enabled,Vinellu - Rotulos - Search,rotulo-alamos,alamos harmonização,Phrase match
Keyword,Add,Enabled,Vinellu - Rotulos - Search,rotulo-alamos,alamos malbec,Phrase match
Keyword,Add,Enabled,Vinellu - Rotulos - Search,rotulo-alamos,alamos malbec harmonização,Phrase match
Keyword,Add,Enabled,Vinellu - Rotulos - Search,rotulo-alamos,alamos malbec review,Phrase match
Keyword,Add,Enabled,Vinellu - Rotulos - Search,rotulo-alamos,alamos malbec safra,Phrase match
Keyword,Add,Enabled,Vinellu - Rotulos - Search,rotulo-alamos,alamos malbec vale a pena,Phrase match
Keyword,Add,Enabled,Vinellu - Rotulos - Search,rotulo-alamos,alamos malbec é bom,Phrase match
Keyword,Add,Enabled,Vinellu - Rotulos - Search,rotulo-alamos,alamos review,Phrase match
Keyword,Add,Enabled,Vinellu - Rotulos - Search,rotulo-alamos,alamos safra,Phrase match
Keyword,Add,Enabled,Vinellu - Rotulos - Search,rotulo-alamos,alamos vale a pena,Phrase match
Keyword,Add,Enabled,Vinellu - Rotulos - Search,rotulo-alamos,alamos é bom,Phrase match
Keyword,Add,Enabled,Vinellu - Rotulos - Search,rotulo-alamos,alamos malbec,Exact match
Keyword,Add,Enabled,Vinellu - Rotulos - Search,rotulo-alamos,alamos,Exact match
Keyword,Add,Enabled,Vinellu - Rotulos - Search,rotulo-luigi-bosca,luigi bosca,Phrase match
Keyword,Add,Enabled,Vinellu - Rotulos - Search,rotulo-luigi-bosca,luigi bosca harmonização,Phrase match
Keyword,Add,Enabled,Vinellu - Rotulos - Search,rotulo-luigi-bosca,luigi bosca malbec,Phrase match
Keyword,Add,Enabled,Vinellu - Rotulos - Search,rotulo-luigi-bosca,luigi bosca malbec harmonização,Phrase match
Keyword,Add,Enabled,Vinellu - Rotulos - Search,rotulo-luigi-bosca,luigi bosca malbec review,Phrase match
Keyword,Add,Enabled,Vinellu - Rotulos - Search,rotulo-luigi-bosca,luigi bosca malbec safra,Phrase match
Keyword,Add,Enabled,Vinellu - Rotulos - Search,rotulo-luigi-bosca,luigi bosca malbec vale a pena,Phrase match
Keyword,Add,Enabled,Vinellu - Rotulos - Search,rotulo-luigi-bosca,luigi bosca malbec é bom,Phrase match
Keyword,Add,Enabled,Vinellu - Rotulos - Search,rotulo-luigi-bosca,luigi bosca review,Phrase match
Keyword,Add,Enabled,Vinellu - Rotulos - Search,rotulo-luigi-bosca,luigi bosca safra,Phrase match
Keyword,Add,Enabled,Vinellu - Rotulos - Search,rotulo-luigi-bosca,luigi bosca vale a pena,Phrase match
Keyword,Add,Enabled,Vinellu - Rotulos - Search,rotulo-luigi-bosca,luigi bosca é bom,Phrase match
Keyword,Add,Enabled,Vinellu - Rotulos - Search,rotulo-luigi-bosca,luigi bosca malbec,Exact match
Keyword,Add,Enabled,Vinellu - Rotulos - Search,rotulo-luigi-bosca,luigi bosca,Exact match
Keyword,Add,Enabled,Vinellu - Rotulos - Search,rotulo-dv-catena,d.v. catena,Phrase match
Keyword,Add,Enabled,Vinellu - Rotulos - Search,rotulo-dv-catena,d.v. catena harmonização,Phrase match
Keyword,Add,Enabled,Vinellu - Rotulos - Search,rotulo-dv-catena,d.v. catena review,Phrase match
Keyword,Add,Enabled,Vinellu - Rotulos - Search,rotulo-dv-catena,d.v. catena safra,Phrase match
Keyword,Add,Enabled,Vinellu - Rotulos - Search,rotulo-dv-catena,d.v. catena vale a pena,Phrase match
Keyword,Add,Enabled,Vinellu - Rotulos - Search,rotulo-dv-catena,d.v. catena é bom,Phrase match
Keyword,Add,Enabled,Vinellu - Rotulos - Search,rotulo-dv-catena,dv catena,Phrase match
Keyword,Add,Enabled,Vinellu - Rotulos - Search,rotulo-dv-catena,dv catena cabernet malbec,Phrase match
Keyword,Add,Enabled,Vinellu - Rotulos - Search,rotulo-dv-catena,dv catena cabernet malbec harmonização,Phrase match
Keyword,Add,Enabled,Vinellu - Rotulos - Search,rotulo-dv-catena,dv catena cabernet malbec review,Phrase match
Keyword,Add,Enabled,Vinellu - Rotulos - Search,rotulo-dv-catena,dv catena cabernet malbec safra,Phrase match
Keyword,Add,Enabled,Vinellu - Rotulos - Search,rotulo-dv-catena,dv catena cabernet malbec vale a pena,Phrase match
Keyword,Add,Enabled,Vinellu - Rotulos - Search,rotulo-dv-catena,dv catena cabernet malbec é bom,Phrase match
Keyword,Add,Enabled,Vinellu - Rotulos - Search,rotulo-dv-catena,dv catena harmonização,Phrase match
Keyword,Add,Enabled,Vinellu - Rotulos - Search,rotulo-dv-catena,dv catena review,Phrase match
Keyword,Add,Enabled,Vinellu - Rotulos - Search,rotulo-dv-catena,dv catena safra,Phrase match
Keyword,Add,Enabled,Vinellu - Rotulos - Search,rotulo-dv-catena,dv catena vale a pena,Phrase match
Keyword,Add,Enabled,Vinellu - Rotulos - Search,rotulo-dv-catena,dv catena é bom,Phrase match
Keyword,Add,Enabled,Vinellu - Rotulos - Search,rotulo-dv-catena,dv catena,Exact match
Keyword,Add,Enabled,Vinellu - Rotulos - Search,rotulo-dv-catena,d.v. catena,Exact match
Keyword,Add,Enabled,Vinellu - Rotulos - Search,rotulo-dv-catena,dv catena cabernet malbec,Exact match
Keyword,Add,Enabled,Vinellu - Rotulos - Search,rotulo-angelica-zapata,angelica zapata,Phrase match
Keyword,Add,Enabled,Vinellu - Rotulos - Search,rotulo-angelica-zapata,angelica zapata harmonização,Phrase match
Keyword,Add,Enabled,Vinellu - Rotulos - Search,rotulo-angelica-zapata,angelica zapata review,Phrase match
Keyword,Add,Enabled,Vinellu - Rotulos - Search,rotulo-angelica-zapata,angelica zapata safra,Phrase match
Keyword,Add,Enabled,Vinellu - Rotulos - Search,rotulo-angelica-zapata,angelica zapata vale a pena,Phrase match
Keyword,Add,Enabled,Vinellu - Rotulos - Search,rotulo-angelica-zapata,angelica zapata é bom,Phrase match
Keyword,Add,Enabled,Vinellu - Rotulos - Search,rotulo-angelica-zapata,angélica zapata,Phrase match
Keyword,Add,Enabled,Vinellu - Rotulos - Search,rotulo-angelica-zapata,angélica zapata harmonização,Phrase match
Keyword,Add,Enabled,Vinellu - Rotulos - Search,rotulo-angelica-zapata,angélica zapata review,Phrase match
Keyword,Add,Enabled,Vinellu - Rotulos - Search,rotulo-angelica-zapata,angélica zapata safra,Phrase match
Keyword,Add,Enabled,Vinellu - Rotulos - Search,rotulo-angelica-zapata,angélica zapata vale a pena,Phrase match
Keyword,Add,Enabled,Vinellu - Rotulos - Search,rotulo-angelica-zapata,angélica zapata é bom,Phrase match
Keyword,Add,Enabled,Vinellu - Rotulos - Search,rotulo-angelica-zapata,angelica zapata,Exact match
Keyword,Add,Enabled,Vinellu - Rotulos - Search,rotulo-angelica-zapata,angélica zapata,Exact match
Keyword,Add,Enabled,Vinellu - Rotulos - Search,rotulo-gran-enemigo,el enemigo malbec,Phrase match
Keyword,Add,Enabled,Vinellu - Rotulos - Search,rotulo-gran-enemigo,el enemigo malbec harmonização,Phrase match
Keyword,Add,Enabled,Vinellu - Rotulos - Search,rotulo-gran-enemigo,el enemigo malbec review,Phrase match
Keyword,Add,Enabled,Vinellu - Rotulos - Search,rotulo-gran-enemigo,el enemigo malbec safra,Phrase match
Keyword,Add,Enabled,Vinellu - Rotulos - Search,rotulo-gran-enemigo,el enemigo malbec vale a pena,Phrase match
Keyword,Add,Enabled,Vinellu - Rotulos - Search,rotulo-gran-enemigo,el enemigo malbec é bom,Phrase match
Keyword,Add,Enabled,Vinellu - Rotulos - Search,rotulo-gran-enemigo,gran enemigo,Phrase match
Keyword,Add,Enabled,Vinellu - Rotulos - Search,rotulo-gran-enemigo,gran enemigo harmonização,Phrase match
Keyword,Add,Enabled,Vinellu - Rotulos - Search,rotulo-gran-enemigo,gran enemigo review,Phrase match
Keyword,Add,Enabled,Vinellu - Rotulos - Search,rotulo-gran-enemigo,gran enemigo safra,Phrase match
Keyword,Add,Enabled,Vinellu - Rotulos - Search,rotulo-gran-enemigo,gran enemigo vale a pena,Phrase match
Keyword,Add,Enabled,Vinellu - Rotulos - Search,rotulo-gran-enemigo,gran enemigo é bom,Phrase match
Keyword,Add,Enabled,Vinellu - Rotulos - Search,rotulo-gran-enemigo,gran enemigo,Exact match
Keyword,Add,Enabled,Vinellu - Rotulos - Search,rotulo-gran-enemigo,el enemigo malbec,Exact match
Keyword,Add,Enabled,Vinellu - Rotulos - Search,rotulo-montes-alpha,montes alpha,Phrase match
Keyword,Add,Enabled,Vinellu - Rotulos - Search,rotulo-montes-alpha,montes alpha cabernet,Phrase match
Keyword,Add,Enabled,Vinellu - Rotulos - Search,rotulo-montes-alpha,montes alpha cabernet harmonização,Phrase match
Keyword,Add,Enabled,Vinellu - Rotulos - Search,rotulo-montes-alpha,montes alpha cabernet review,Phrase match
Keyword,Add,Enabled,Vinellu - Rotulos - Search,rotulo-montes-alpha,montes alpha cabernet safra,Phrase match
Keyword,Add,Enabled,Vinellu - Rotulos - Search,rotulo-montes-alpha,montes alpha cabernet vale a pena,Phrase match
Keyword,Add,Enabled,Vinellu - Rotulos - Search,rotulo-montes-alpha,montes alpha cabernet é bom,Phrase match
Keyword,Add,Enabled,Vinellu - Rotulos - Search,rotulo-montes-alpha,montes alpha harmonização,Phrase match
Keyword,Add,Enabled,Vinellu - Rotulos - Search,rotulo-montes-alpha,montes alpha review,Phrase match
Keyword,Add,Enabled,Vinellu - Rotulos - Search,rotulo-montes-alpha,montes alpha safra,Phrase match
Keyword,Add,Enabled,Vinellu - Rotulos - Search,rotulo-montes-alpha,montes alpha vale a pena,Phrase match
Keyword,Add,Enabled,Vinellu - Rotulos - Search,rotulo-montes-alpha,montes alpha é bom,Phrase match
Keyword,Add,Enabled,Vinellu - Rotulos - Search,rotulo-montes-alpha,montes alpha,Exact match
Keyword,Add,Enabled,Vinellu - Rotulos - Search,rotulo-montes-alpha,montes alpha cabernet,Exact match
Keyword,Add,Enabled,Vinellu - Rotulos - Search,rotulo-casa-concha,casa concha cabernet,Phrase match
Keyword,Add,Enabled,Vinellu - Rotulos - Search,rotulo-casa-concha,casa concha cabernet harmonização,Phrase match
Keyword,Add,Enabled,Vinellu - Rotulos - Search,rotulo-casa-concha,casa concha cabernet review,Phrase match
Keyword,Add,Enabled,Vinellu - Rotulos - Search,rotulo-casa-concha,casa concha cabernet safra,Phrase match
Keyword,Add,Enabled,Vinellu - Rotulos - Search,rotulo-casa-concha,casa concha cabernet vale a pena,Phrase match
Keyword,Add,Enabled,Vinellu - Rotulos - Search,rotulo-casa-concha,casa concha cabernet é bom,Phrase match
Keyword,Add,Enabled,Vinellu - Rotulos - Search,rotulo-casa-concha,marques de casa concha,Phrase match
Keyword,Add,Enabled,Vinellu - Rotulos - Search,rotulo-casa-concha,marques de casa concha harmonização,Phrase match
Keyword,Add,Enabled,Vinellu - Rotulos - Search,rotulo-casa-concha,marques de casa concha review,Phrase match
Keyword,Add,Enabled,Vinellu - Rotulos - Search,rotulo-casa-concha,marques de casa concha safra,Phrase match
Keyword,Add,Enabled,Vinellu - Rotulos - Search,rotulo-casa-concha,marques de casa concha vale a pena,Phrase match
Keyword,Add,Enabled,Vinellu - Rotulos - Search,rotulo-casa-concha,marques de casa concha é bom,Phrase match
Keyword,Add,Enabled,Vinellu - Rotulos - Search,rotulo-casa-concha,marques de casa concha,Exact match
Keyword,Add,Enabled,Vinellu - Rotulos - Search,rotulo-casa-concha,casa concha cabernet,Exact match
Keyword,Add,Enabled,Vinellu - Rotulos - Search,rotulo-cartuxa,cartuxa,Phrase match
Keyword,Add,Enabled,Vinellu - Rotulos - Search,rotulo-cartuxa,cartuxa harmonização,Phrase match
Keyword,Add,Enabled,Vinellu - Rotulos - Search,rotulo-cartuxa,cartuxa review,Phrase match
Keyword,Add,Enabled,Vinellu - Rotulos - Search,rotulo-cartuxa,cartuxa safra,Phrase match
Keyword,Add,Enabled,Vinellu - Rotulos - Search,rotulo-cartuxa,cartuxa tinto,Phrase match
Keyword,Add,Enabled,Vinellu - Rotulos - Search,rotulo-cartuxa,cartuxa tinto harmonização,Phrase match
Keyword,Add,Enabled,Vinellu - Rotulos - Search,rotulo-cartuxa,cartuxa tinto review,Phrase match
Keyword,Add,Enabled,Vinellu - Rotulos - Search,rotulo-cartuxa,cartuxa tinto safra,Phrase match
Keyword,Add,Enabled,Vinellu - Rotulos - Search,rotulo-cartuxa,cartuxa tinto vale a pena,Phrase match
Keyword,Add,Enabled,Vinellu - Rotulos - Search,rotulo-cartuxa,cartuxa tinto é bom,Phrase match
Keyword,Add,Enabled,Vinellu - Rotulos - Search,rotulo-cartuxa,cartuxa vale a pena,Phrase match
Keyword,Add,Enabled,Vinellu - Rotulos - Search,rotulo-cartuxa,cartuxa é bom,Phrase match
Keyword,Add,Enabled,Vinellu - Rotulos - Search,rotulo-cartuxa,cartuxa,Exact match
Keyword,Add,Enabled,Vinellu - Rotulos - Search,rotulo-cartuxa,cartuxa tinto,Exact match
Keyword,Add,Enabled,Vinellu - Rotulos - Search,rotulo-esporao,esporao reserva,Phrase match
Keyword,Add,Enabled,Vinellu - Rotulos - Search,rotulo-esporao,esporao reserva harmonização,Phrase match
Keyword,Add,Enabled,Vinellu - Rotulos - Search,rotulo-esporao,esporao reserva review,Phrase match
Keyword,Add,Enabled,Vinellu - Rotulos - Search,rotulo-esporao,esporao reserva safra,Phrase match
Keyword,Add,Enabled,Vinellu - Rotulos - Search,rotulo-esporao,esporao reserva vale a pena,Phrase match
Keyword,Add,Enabled,Vinellu - Rotulos - Search,rotulo-esporao,esporao reserva é bom,Phrase match
Keyword,Add,Enabled,Vinellu - Rotulos - Search,rotulo-esporao,esporão reserva,Phrase match
Keyword,Add,Enabled,Vinellu - Rotulos - Search,rotulo-esporao,esporão reserva harmonização,Phrase match
Keyword,Add,Enabled,Vinellu - Rotulos - Search,rotulo-esporao,esporão reserva review,Phrase match
Keyword,Add,Enabled,Vinellu - Rotulos - Search,rotulo-esporao,esporão reserva safra,Phrase match
Keyword,Add,Enabled,Vinellu - Rotulos - Search,rotulo-esporao,esporão reserva vale a pena,Phrase match
Keyword,Add,Enabled,Vinellu - Rotulos - Search,rotulo-esporao,esporão reserva é bom,Phrase match
Keyword,Add,Enabled,Vinellu - Rotulos - Search,rotulo-esporao,esporao reserva,Exact match
Keyword,Add,Enabled,Vinellu - Rotulos - Search,rotulo-esporao,esporão reserva,Exact match
Keyword,Add,Enabled,Vinellu - Rotulos - Search,rotulo-miolo,miolo cabernet merlot,Phrase match
Keyword,Add,Enabled,Vinellu - Rotulos - Search,rotulo-miolo,miolo cabernet merlot harmonização,Phrase match
Keyword,Add,Enabled,Vinellu - Rotulos - Search,rotulo-miolo,miolo cabernet merlot review,Phrase match
Keyword,Add,Enabled,Vinellu - Rotulos - Search,rotulo-miolo,miolo cabernet merlot safra,Phrase match
Keyword,Add,Enabled,Vinellu - Rotulos - Search,rotulo-miolo,miolo cabernet merlot vale a pena,Phrase match
Keyword,Add,Enabled,Vinellu - Rotulos - Search,rotulo-miolo,miolo cabernet merlot é bom,Phrase match
Keyword,Add,Enabled,Vinellu - Rotulos - Search,rotulo-miolo,miolo selecao,Phrase match
Keyword,Add,Enabled,Vinellu - Rotulos - Search,rotulo-miolo,miolo selecao harmonização,Phrase match
Keyword,Add,Enabled,Vinellu - Rotulos - Search,rotulo-miolo,miolo selecao review,Phrase match
Keyword,Add,Enabled,Vinellu - Rotulos - Search,rotulo-miolo,miolo selecao safra,Phrase match
Keyword,Add,Enabled,Vinellu - Rotulos - Search,rotulo-miolo,miolo selecao vale a pena,Phrase match
Keyword,Add,Enabled,Vinellu - Rotulos - Search,rotulo-miolo,miolo selecao é bom,Phrase match
Keyword,Add,Enabled,Vinellu - Rotulos - Search,rotulo-miolo,miolo seleção,Phrase match
Keyword,Add,Enabled,Vinellu - Rotulos - Search,rotulo-miolo,miolo seleção harmonização,Phrase match
Keyword,Add,Enabled,Vinellu - Rotulos - Search,rotulo-miolo,miolo seleção review,Phrase match
Keyword,Add,Enabled,Vinellu - Rotulos - Search,rotulo-miolo,miolo seleção safra,Phrase match
Keyword,Add,Enabled,Vinellu - Rotulos - Search,rotulo-miolo,miolo seleção vale a pena,Phrase match
Keyword,Add,Enabled,Vinellu - Rotulos - Search,rotulo-miolo,miolo seleção é bom,Phrase match
Keyword,Add,Enabled,Vinellu - Rotulos - Search,rotulo-miolo,miolo selecao,Exact match
Keyword,Add,Enabled,Vinellu - Rotulos - Search,rotulo-miolo,miolo seleção,Exact match
Keyword,Add,Enabled,Vinellu - Rotulos - Search,rotulo-miolo,miolo cabernet merlot,Exact match
Keyword,Add,Enabled,Vinellu - Rotulos - Search,rotulo-casillero,casillero,Phrase match
Keyword,Add,Enabled,Vinellu - Rotulos - Search,rotulo-casillero,casillero del diablo,Phrase match
Keyword,Add,Enabled,Vinellu - Rotulos - Search,rotulo-casillero,casillero del diablo harmonização,Phrase match
Keyword,Add,Enabled,Vinellu - Rotulos - Search,rotulo-casillero,casillero del diablo review,Phrase match
Keyword,Add,Enabled,Vinellu - Rotulos - Search,rotulo-casillero,casillero del diablo safra,Phrase match
Keyword,Add,Enabled,Vinellu - Rotulos - Search,rotulo-casillero,casillero del diablo vale a pena,Phrase match
Keyword,Add,Enabled,Vinellu - Rotulos - Search,rotulo-casillero,casillero del diablo é bom,Phrase match
Keyword,Add,Enabled,Vinellu - Rotulos - Search,rotulo-casillero,casillero harmonização,Phrase match
Keyword,Add,Enabled,Vinellu - Rotulos - Search,rotulo-casillero,casillero review,Phrase match
Keyword,Add,Enabled,Vinellu - Rotulos - Search,rotulo-casillero,casillero safra,Phrase match
Keyword,Add,Enabled,Vinellu - Rotulos - Search,rotulo-casillero,casillero vale a pena,Phrase match
Keyword,Add,Enabled,Vinellu - Rotulos - Search,rotulo-casillero,casillero é bom,Phrase match
Keyword,Add,Enabled,Vinellu - Rotulos - Search,rotulo-casillero,casillero del diablo,Exact match
Keyword,Add,Enabled,Vinellu - Rotulos - Search,rotulo-casillero,casillero,Exact match
Keyword,Add,Enabled,Vinellu - Rotulos - Search,rotulo-reservado,reservado concha y toro,Phrase match
Keyword,Add,Enabled,Vinellu - Rotulos - Search,rotulo-reservado,reservado concha y toro harmonização,Phrase match
Keyword,Add,Enabled,Vinellu - Rotulos - Search,rotulo-reservado,reservado concha y toro review,Phrase match
Keyword,Add,Enabled,Vinellu - Rotulos - Search,rotulo-reservado,reservado concha y toro safra,Phrase match
Keyword,Add,Enabled,Vinellu - Rotulos - Search,rotulo-reservado,reservado concha y toro vale a pena,Phrase match
Keyword,Add,Enabled,Vinellu - Rotulos - Search,rotulo-reservado,reservado concha y toro é bom,Phrase match
Keyword,Add,Enabled,Vinellu - Rotulos - Search,rotulo-reservado,vinho reservado,Phrase match
Keyword,Add,Enabled,Vinellu - Rotulos - Search,rotulo-reservado,vinho reservado harmonização,Phrase match
Keyword,Add,Enabled,Vinellu - Rotulos - Search,rotulo-reservado,vinho reservado review,Phrase match
Keyword,Add,Enabled,Vinellu - Rotulos - Search,rotulo-reservado,vinho reservado safra,Phrase match
Keyword,Add,Enabled,Vinellu - Rotulos - Search,rotulo-reservado,vinho reservado vale a pena,Phrase match
Keyword,Add,Enabled,Vinellu - Rotulos - Search,rotulo-reservado,vinho reservado é bom,Phrase match
Keyword,Add,Enabled,Vinellu - Rotulos - Search,rotulo-reservado,reservado concha y toro,Exact match
Keyword,Add,Enabled,Vinellu - Rotulos - Search,rotulo-reservado,vinho reservado,Exact match
