Row Type,Action,Keyword status,Level,Campaign,Ad group,Negative keyword,Type
Negative keyword,Add,Enabled,Ad group,Vinellu - Rotulos - Search,rotulo-alamos,emprego,Phrase match
Negative keyword,Add,Enabled,Ad group,Vinellu - Rotulos - Search,rotulo-alamos,vaga,Phrase match
Negative keyword,Add,Enabled,Ad group,Vinellu - Rotulos - Search,rotulo-alamos,vagas,Phrase match
Negative keyword,Add,Enabled,Ad group,Vinellu - Rotulos - Search,rotulo-alamos,atacado,Phrase match
Negative keyword,Add,Enabled,Ad group,Vinellu - Rotulos - Search,rotulo-alamos,distribuidor,Phrase match
Negative keyword,Add,Enabled,Ad group,Vinellu - Rotulos - Search,rotulo-alamos,representante,Phrase match
Negative keyword,Add,Enabled,Ad group,Vinellu - Rotulos - Search,rotulo-alamos,receita,Phrase match
Negative keyword,Add,Enabled,Ad group,Vinellu - Rotulos - Search,rotulo-alamos,vinagre,Phrase match
Negative keyword,Add,Enabled,Ad group,Vinellu - Rotulos - Search,rotulo-luigi-bosca,emprego,Phrase match
Negative keyword,Add,Enabled,Ad group,Vinellu - Rotulos - Search,rotulo-luigi-bosca,vaga,Phrase match
Negative keyword,Add,Enabled,Ad group,Vinellu - Rotulos - Search,rotulo-luigi-bosca,vagas,Phrase match
Negative keyword,Add,Enabled,Ad group,Vinellu - Rotulos - Search,rotulo-luigi-bosca,atacado,Phrase match
Negative keyword,Add,Enabled,Ad group,Vinellu - Rotulos - Search,rotulo-luigi-bosca,distribuidor,Phrase match
Negative keyword,Add,Enabled,Ad group,Vinellu - Rotulos - Search,rotulo-luigi-bosca,representante,Phrase match
Negative keyword,Add,Enabled,Ad group,Vinellu - Rotulos - Search,rotulo-luigi-bosca,receita,Phrase match
Negative keyword,Add,Enabled,Ad group,Vinellu - Rotulos - Search,rotulo-luigi-bosca,vinagre,Phrase match
Negative keyword,Add,Enabled,Ad group,Vinellu - Rotulos - Search,rotulo-dv-catena,emprego,Phrase match
Negative keyword,Add,Enabled,Ad group,Vinellu - Rotulos - Search,rotulo-dv-catena,vaga,Phrase match
Negative keyword,Add,Enabled,Ad group,Vinellu - Rotulos - Search,rotulo-dv-catena,vagas,Phrase match
Negative keyword,Add,Enabled,Ad group,Vinellu - Rotulos - Search,rotulo-dv-catena,atacado,Phrase match
Negative keyword,Add,Enabled,Ad group,Vinellu - Rotulos - Search,rotulo-dv-catena,distribuidor,Phrase match
Negative keyword,Add,Enabled,Ad group,Vinellu - Rotulos - Search,rotulo-dv-catena,representante,Phrase match
Negative keyword,Add,Enabled,Ad group,Vinellu - Rotulos - Search,rotulo-dv-catena,receita,Phrase match
Negative keyword,Add,Enabled,Ad group,Vinellu - Rotulos - Search,rotulo-dv-catena,vinagre,Phrase match
Negative keyword,Add,Enabled,Ad group,Vinellu - Rotulos - Search,rotulo-angelica-zapata,emprego,Phrase match
Negative keyword,Add,Enabled,Ad group,Vinellu - Rotulos - Search,rotulo-angelica-zapata,vaga,Phrase match
Negative keyword,Add,Enabled,Ad group,Vinellu - Rotulos - Search,rotulo-angelica-zapata,vagas,Phrase match
Negative keyword,Add,Enabled,Ad group,Vinellu - Rotulos - Search,rotulo-angelica-zapata,atacado,Phrase match
Negative keyword,Add,Enabled,Ad group,Vinellu - Rotulos - Search,rotulo-angelica-zapata,distribuidor,Phrase match
Negative keyword,Add,Enabled,Ad group,Vinellu - Rotulos - Search,rotulo-angelica-zapata,representante,Phrase match
Negative keyword,Add,Enabled,Ad group,Vinellu - Rotulos - Search,rotulo-angelica-zapata,receita,Phrase match
Negative keyword,Add,Enabled,Ad group,Vinellu - Rotulos - Search,rotulo-angelica-zapata,vinagre,Phrase match
Negative keyword,Add,Enabled,Ad group,Vinellu - Rotulos - Search,rotulo-gran-enemigo,emprego,Phrase match
Negative keyword,Add,Enabled,Ad group,Vinellu - Rotulos - Search,rotulo-gran-enemigo,vaga,Phrase match
Negative keyword,Add,Enabled,Ad group,Vinellu - Rotulos - Search,rotulo-gran-enemigo,vagas,Phrase match
Negative keyword,Add,Enabled,Ad group,Vinellu - Rotulos - Search,rotulo-gran-enemigo,atacado,Phrase match
Negative keyword,Add,Enabled,Ad group,Vinellu - Rotulos - Search,rotulo-gran-enemigo,distribuidor,Phrase match
Negative keyword,Add,Enabled,Ad group,Vinellu - Rotulos - Search,rotulo-gran-enemigo,representante,Phrase match
Negative keyword,Add,Enabled,Ad group,Vinellu - Rotulos - Search,rotulo-gran-enemigo,receita,Phrase match
Negative keyword,Add,Enabled,Ad group,Vinellu - Rotulos - Search,rotulo-gran-enemigo,vinagre,Phrase match
Negative keyword,Add,Enabled,Ad group,Vinellu - Rotulos - Search,rotulo-montes-alpha,emprego,Phrase match
Negative keyword,Add,Enabled,Ad group,Vinellu - Rotulos - Search,rotulo-montes-alpha,vaga,Phrase match
Negative keyword,Add,Enabled,Ad group,Vinellu - Rotulos - Search,rotulo-montes-alpha,vagas,Phrase match
Negative keyword,Add,Enabled,Ad group,Vinellu - Rotulos - Search,rotulo-montes-alpha,atacado,Phrase match
Negative keyword,Add,Enabled,Ad group,Vinellu - Rotulos - Search,rotulo-montes-alpha,distribuidor,Phrase match
Negative keyword,Add,Enabled,Ad group,Vinellu - Rotulos - Search,rotulo-montes-alpha,representante,Phrase match
Negative keyword,Add,Enabled,Ad group,Vinellu - Rotulos - Search,rotulo-montes-alpha,receita,Phrase match
Negative keyword,Add,Enabled,Ad group,Vinellu - Rotulos - Search,rotulo-montes-alpha,vinagre,Phrase match
Negative keyword,Add,Enabled,Ad group,Vinellu - Rotulos - Search,rotulo-casa-concha,emprego,Phrase match
Negative keyword,Add,Enabled,Ad group,Vinellu - Rotulos - Search,rotulo-casa-concha,vaga,Phrase match
Negative keyword,Add,Enabled,Ad group,Vinellu - Rotulos - Search,rotulo-casa-concha,vagas,Phrase match
Negative keyword,Add,Enabled,Ad group,Vinellu - Rotulos - Search,rotulo-casa-concha,atacado,Phrase match
Negative keyword,Add,Enabled,Ad group,Vinellu - Rotulos - Search,rotulo-casa-concha,distribuidor,Phrase match
Negative keyword,Add,Enabled,Ad group,Vinellu - Rotulos - Search,rotulo-casa-concha,representante,Phrase match
Negative keyword,Add,Enabled,Ad group,Vinellu - Rotulos - Search,rotulo-casa-concha,receita,Phrase match
Negative keyword,Add,Enabled,Ad group,Vinellu - Rotulos - Search,rotulo-casa-concha,vinagre,Phrase match
Negative keyword,Add,Enabled,Ad group,Vinellu - Rotulos - Search,rotulo-cartuxa,emprego,Phrase match
Negative keyword,Add,Enabled,Ad group,Vinellu - Rotulos - Search,rotulo-cartuxa,vaga,Phrase match
Negative keyword,Add,Enabled,Ad group,Vinellu - Rotulos - Search,rotulo-cartuxa,vagas,Phrase match
Negative keyword,Add,Enabled,Ad group,Vinellu - Rotulos - Search,rotulo-cartuxa,atacado,Phrase match
Negative keyword,Add,Enabled,Ad group,Vinellu - Rotulos - Search,rotulo-cartuxa,distribuidor,Phrase match
Negative keyword,Add,Enabled,Ad group,Vinellu - Rotulos - Search,rotulo-cartuxa,representante,Phrase match
Negative keyword,Add,Enabled,Ad group,Vinellu - Rotulos - Search,rotulo-cartuxa,receita,Phrase match
Negative keyword,Add,Enabled,Ad group,Vinellu - Rotulos - Search,rotulo-cartuxa,vinagre,Phrase match
Negative keyword,Add,Enabled,Ad group,Vinellu - Rotulos - Search,rotulo-esporao,emprego,Phrase match
Negative keyword,Add,Enabled,Ad group,Vinellu - Rotulos - Search,rotulo-esporao,vaga,Phrase match
Negative keyword,Add,Enabled,Ad group,Vinellu - Rotulos - Search,rotulo-esporao,vagas,Phrase match
Negative keyword,Add,Enabled,Ad group,Vinellu - Rotulos - Search,rotulo-esporao,atacado,Phrase match
Negative keyword,Add,Enabled,Ad group,Vinellu - Rotulos - Search,rotulo-esporao,distribuidor,Phrase match
Negative keyword,Add,Enabled,Ad group,Vinellu - Rotulos - Search,rotulo-esporao,representante,Phrase match
Negative keyword,Add,Enabled,Ad group,Vinellu - Rotulos - Search,rotulo-esporao,receita,Phrase match
Negative keyword,Add,Enabled,Ad group,Vinellu - Rotulos - Search,rotulo-esporao,vinagre,Phrase match
Negative keyword,Add,Enabled,Ad group,Vinellu - Rotulos - Search,rotulo-miolo,emprego,Phrase match
Negative keyword,Add,Enabled,Ad group,Vinellu - Rotulos - Search,rotulo-miolo,vaga,Phrase match
Negative keyword,Add,Enabled,Ad group,Vinellu - Rotulos - Search,rotulo-miolo,vagas,Phrase match
Negative keyword,Add,Enabled,Ad group,Vinellu - Rotulos - Search,rotulo-miolo,atacado,Phrase match
Negative keyword,Add,Enabled,Ad group,Vinellu - Rotulos - Search,rotulo-miolo,distribuidor,Phrase match
Negative keyword,Add,Enabled,Ad group,Vinellu - Rotulos - Search,rotulo-miolo,representante,Phrase match
Negative keyword,Add,Enabled,Ad group,Vinellu - Rotulos - Search,rotulo-miolo,receita,Phrase match
Negative keyword,Add,Enabled,Ad group,Vinellu - Rotulos - Search,rotulo-miolo,vinagre,Phrase match
Negative keyword,Add,Enabled,Ad group,Vinellu - Rotulos - Search,rotulo-casillero,emprego,Phrase match
Negative keyword,Add,Enabled,Ad group,Vinellu - Rotulos - Search,rotulo-casillero,vaga,Phrase match
Negative keyword,Add,Enabled,Ad group,Vinellu - Rotulos - Search,rotulo-casillero,vagas,Phrase match
Negative keyword,Add,Enabled,Ad group,Vinellu - Rotulos - Search,rotulo-casillero,atacado,Phrase match
Negative keyword,Add,Enabled,Ad group,Vinellu - Rotulos - Search,rotulo-casillero,distribuidor,Phrase match
Negative keyword,Add,Enabled,Ad group,Vinellu - Rotulos - Search,rotulo-casillero,representante,Phrase match
Negative keyword,Add,Enabled,Ad group,Vinellu - Rotulos - Search,rotulo-casillero,receita,Phrase match
Negative keyword,Add,Enabled,Ad group,Vinellu - Rotulos - Search,rotulo-casillero,vinagre,Phrase match
Negative keyword,Add,Enabled,Ad group,Vinellu - Rotulos - Search,rotulo-reservado,emprego,Phrase match
Negative keyword,Add,Enabled,Ad group,Vinellu - Rotulos - Search,rotulo-reservado,vaga,Phrase match
Negative keyword,Add,Enabled,Ad group,Vinellu - Rotulos - Search,rotulo-reservado,vagas,Phrase match
Negative keyword,Add,Enabled,Ad group,Vinellu - Rotulos - Search,rotulo-reservado,atacado,Phrase match
Negative keyword,Add,Enabled,Ad group,Vinellu - Rotulos - Search,rotulo-reservado,distribuidor,Phrase match
Negative keyword,Add,Enabled,Ad group,Vinellu - Rotulos - Search,rotulo-reservado,representante,Phrase match
Negative keyword,Add,Enabled,Ad group,Vinellu - Rotulos - Search,rotulo-reservado,receita,Phrase match
Negative keyword,Add,Enabled,Ad group,Vinellu - Rotulos - Search,rotulo-reservado,vinagre,Phrase match
