Row Type,Action,Ad status,Campaign,Ad group,Ad type,Headline 1,Headline 2,Headline 3,Headline 4,Headline 5,Headline 6,Headline 7,Headline 8,Headline 9,Headline 10,Headline 11,Headline 12,Headline 13,Headline 14,Headline 15,Description 1,Description 2,Description 3,Description 4,Path 1,Path 2,Final URL
Ad,Add,Enabled,Vinellu - Rotulos - Search,rotulo-alamos,Responsive search ad,Alamos Malbec vale a pena?,Alamos Malbec: reviews reais,Reviews de Alamos Malbec,Alamos Malbec: nota e safras,Harmonize o Alamos Malbec,Escaneie o rótulo e descubra,Reviews de quem já provou,"Safras, notas e harmonização",Sua adega social de vinhos,Mais de 170 mil rótulos,Registre os vinhos que provou,"Foto do rótulo, info na hora",App de vinhos grátis,Vinellu: sua adega social,Descubra antes de abrir,"O que achou quem bebeu Alamos Malbec: reviews, safras e harmonização. Grátis.","Fotografe o rótulo e veja nota, safra e reviews na hora. Monte sua adega no app.","Registre o que provou, siga amigos e descubra rótulos novos. Baixe grátis.","Mais de 170 mil rótulos com safras, notas e harmonização. Tudo num app só.",vinhos,alamos,https://vinellu.com/w/Wv3T9ngB8S/malbec
Ad,Add,Enabled,Vinellu - Rotulos - Search,rotulo-luigi-bosca,Responsive search ad,Reviews de Luigi Bosca Malbec,Harmonize o Luigi Bosca Malbec,Luigi Bosca vale a pena?,Luigi Bosca: reviews reais,Reviews de Luigi Bosca,Escaneie o rótulo e descubra,Reviews de quem já provou,"Safras, notas e harmonização",Sua adega social de vinhos,Mais de 170 mil rótulos,Registre os vinhos que provou,"Foto do rótulo, info na hora",App de vinhos grátis,Vinellu: sua adega social,Descubra antes de abrir,"O que achou quem bebeu Luigi Bosca Malbec: reviews, safras e harmonização. Grátis.","Fotografe o rótulo e veja nota, safra e reviews na hora. Monte sua adega no app.","Registre o que provou, siga amigos e descubra rótulos novos. Baixe grátis.","Mais de 170 mil rótulos com safras, notas e harmonização. Tudo num app só.",vinhos,luigi-bosca,https://vinellu.com/w/uMm7sBLgDV/malbec
Ad,Add,Enabled,Vinellu - Rotulos - Search,rotulo-dv-catena,Responsive search ad,DV Catena vale a pena?,DV Catena: reviews reais,Reviews de DV Catena,DV Catena: nota e safras,Harmonize o DV Catena,Escaneie o rótulo e descubra,Reviews de quem já provou,"Safras, notas e harmonização",Sua adega social de vinhos,Mais de 170 mil rótulos,Registre os vinhos que provou,"Foto do rótulo, info na hora",App de vinhos grátis,Vinellu: sua adega social,Descubra antes de abrir,"O que achou quem bebeu DV Catena: reviews, safras e harmonização. Grátis.","Fotografe o rótulo e veja nota, safra e reviews na hora. Monte sua adega no app.","Registre o que provou, siga amigos e descubra rótulos novos. Baixe grátis.","Mais de 170 mil rótulos com safras, notas e harmonização. Tudo num app só.",vinhos,dv-catena,https://vinellu.com/w/CjHn8hVT3r/d-v-catena-cabernet-sauvignon-malbec
Ad,Add,Enabled,Vinellu - Rotulos - Search,rotulo-angelica-zapata,Responsive search ad,Angélica Zapata vale a pena?,Angélica Zapata: reviews reais,Reviews de Angélica Zapata,Angélica Zapata: nota e safras,Harmonize o Angélica Zapata,Escaneie o rótulo e descubra,Reviews de quem já provou,"Safras, notas e harmonização",Sua adega social de vinhos,Mais de 170 mil rótulos,Registre os vinhos que provou,"Foto do rótulo, info na hora",App de vinhos grátis,Vinellu: sua adega social,Descubra antes de abrir,"O que achou quem bebeu Angélica Zapata: reviews, safras e harmonização. Grátis.","Fotografe o rótulo e veja nota, safra e reviews na hora. Monte sua adega no app.","Registre o que provou, siga amigos e descubra rótulos novos. Baixe grátis.","Mais de 170 mil rótulos com safras, notas e harmonização. Tudo num app só.",vinhos,angelica-zapata,https://vinellu.com/w/KYddWdfzzg/angelica-zapata
Ad,Add,Enabled,Vinellu - Rotulos - Search,rotulo-gran-enemigo,Responsive search ad,Gran Enemigo vale a pena?,Gran Enemigo: reviews reais,Reviews de Gran Enemigo,Gran Enemigo: nota e safras,Harmonize o Gran Enemigo,Escaneie o rótulo e descubra,Reviews de quem já provou,"Safras, notas e harmonização",Sua adega social de vinhos,Mais de 170 mil rótulos,Registre os vinhos que provou,"Foto do rótulo, info na hora",App de vinhos grátis,Vinellu: sua adega social,Descubra antes de abrir,"O que achou quem bebeu Gran Enemigo: reviews, safras e harmonização. Grátis.","Fotografe o rótulo e veja nota, safra e reviews na hora. Monte sua adega no app.","Registre o que provou, siga amigos e descubra rótulos novos. Baixe grátis.","Mais de 170 mil rótulos com safras, notas e harmonização. Tudo num app só.",vinhos,gran-enemigo,https://vinellu.com/w/rCKtZTTXjF/gran-enemigo-malbec
Ad,Add,Enabled,Vinellu - Rotulos - Search,rotulo-montes-alpha,Responsive search ad,Montes Alpha vale a pena?,Montes Alpha: reviews reais,Reviews de Montes Alpha,Montes Alpha: nota e safras,Harmonize o Montes Alpha,Escaneie o rótulo e descubra,Reviews de quem já provou,"Safras, notas e harmonização",Sua adega social de vinhos,Mais de 170 mil rótulos,Registre os vinhos que provou,"Foto do rótulo, info na hora",App de vinhos grátis,Vinellu: sua adega social,Descubra antes de abrir,"O que achou quem bebeu Montes Alpha: reviews, safras e harmonização. Grátis.","Fotografe o rótulo e veja nota, safra e reviews na hora. Monte sua adega no app.","Registre o que provou, siga amigos e descubra rótulos novos. Baixe grátis.","Mais de 170 mil rótulos com safras, notas e harmonização. Tudo num app só.",vinhos,montes-alpha,https://vinellu.com/w/cqq2q3SrE8/alpha-cabernet-sauvignon
Ad,Add,Enabled,Vinellu - Rotulos - Search,rotulo-casa-concha,Responsive search ad,Casa Concha vale a pena?,Casa Concha: reviews reais,Reviews de Casa Concha,Casa Concha: nota e safras,Harmonize o Casa Concha,Escaneie o rótulo e descubra,Reviews de quem já provou,"Safras, notas e harmonização",Sua adega social de vinhos,Mais de 170 mil rótulos,Registre os vinhos que provou,"Foto do rótulo, info na hora",App de vinhos grátis,Vinellu: sua adega social,Descubra antes de abrir,"O que achou quem bebeu Casa Concha: reviews, safras e harmonização. Grátis.","Fotografe o rótulo e veja nota, safra e reviews na hora. Monte sua adega no app.","Registre o que provou, siga amigos e descubra rótulos novos. Baixe grátis.","Mais de 170 mil rótulos com safras, notas e harmonização. Tudo num app só.",vinhos,casa-concha,https://vinellu.com/w/SmVPv7DzD5/marques-de-casa-concha-cabernet-sauvignon
Ad,Add,Enabled,Vinellu - Rotulos - Search,rotulo-cartuxa,Responsive search ad,Cartuxa vale a pena?,Cartuxa: reviews reais,Reviews de Cartuxa,Cartuxa: nota e safras,Harmonize o Cartuxa,Escaneie o rótulo e descubra,Reviews de quem já provou,"Safras, notas e harmonização",Sua adega social de vinhos,Mais de 170 mil rótulos,Registre os vinhos que provou,"Foto do rótulo, info na hora",App de vinhos grátis,Vinellu: sua adega social,Descubra antes de abrir,"O que achou quem bebeu Cartuxa: reviews, safras e harmonização. Grátis.","Fotografe o rótulo e veja nota, safra e reviews na hora. Monte sua adega no app.","Registre o que provou, siga amigos e descubra rótulos novos. Baixe grátis.","Mais de 170 mil rótulos com safras, notas e harmonização. Tudo num app só.",vinhos,cartuxa,https://vinellu.com/w/ZR6rrUWVzC/cartuxa-ea-tinto-red-alentejano
Ad,Add,Enabled,Vinellu - Rotulos - Search,rotulo-esporao,Responsive search ad,Esporão Reserva vale a pena?,Esporão Reserva: reviews reais,Reviews de Esporão Reserva,Esporão Reserva: nota e safras,Harmonize o Esporão Reserva,Escaneie o rótulo e descubra,Reviews de quem já provou,"Safras, notas e harmonização",Sua adega social de vinhos,Mais de 170 mil rótulos,Registre os vinhos que provou,"Foto do rótulo, info na hora",App de vinhos grátis,Vinellu: sua adega social,Descubra antes de abrir,"O que achou quem bebeu Esporão Reserva: reviews, safras e harmonização. Grátis.","Fotografe o rótulo e veja nota, safra e reviews na hora. Monte sua adega no app.","Registre o que provou, siga amigos e descubra rótulos novos. Baixe grátis.","Mais de 170 mil rótulos com safras, notas e harmonização. Tudo num app só.",vinhos,esporao,https://vinellu.com/w/rLNyNz2XTs/reserva
Ad,Add,Enabled,Vinellu - Rotulos - Search,rotulo-miolo,Responsive search ad,Miolo Seleção vale a pena?,Miolo Seleção: reviews reais,Reviews de Miolo Seleção,Miolo Seleção: nota e safras,Harmonize o Miolo Seleção,Escaneie o rótulo e descubra,Reviews de quem já provou,"Safras, notas e harmonização",Sua adega social de vinhos,Mais de 170 mil rótulos,Registre os vinhos que provou,"Foto do rótulo, info na hora",App de vinhos grátis,Vinellu: sua adega social,Descubra antes de abrir,"O que achou quem bebeu Miolo Seleção: reviews, safras e harmonização. Grátis.","Fotografe o rótulo e veja nota, safra e reviews na hora. Monte sua adega no app.","Registre o que provou, siga amigos e descubra rótulos novos. Baixe grátis.","Mais de 170 mil rótulos com safras, notas e harmonização. Tudo num app só.",vinhos,miolo,https://vinellu.com/w/yEsypGbeZi/selecao-cabernet-sauvignon-merlot
Ad,Add,Enabled,Vinellu - Rotulos - Search,rotulo-casillero,Responsive search ad,Casillero vale a pena?,Casillero: reviews reais,Reviews de Casillero,Casillero: nota e safras,Harmonize o Casillero,Escaneie o rótulo e descubra,Reviews de quem já provou,"Safras, notas e harmonização",Sua adega social de vinhos,Mais de 170 mil rótulos,Registre os vinhos que provou,"Foto do rótulo, info na hora",App de vinhos grátis,Vinellu: sua adega social,Descubra antes de abrir,"O que achou quem bebeu Casillero del Diablo: reviews, safras e harmonização. Grátis.","Fotografe o rótulo e veja nota, safra e reviews na hora. Monte sua adega no app.","Registre o que provou, siga amigos e descubra rótulos novos. Baixe grátis.","Mais de 170 mil rótulos com safras, notas e harmonização. Tudo num app só.",vinhos,casillero,https://vinellu.com/w/6uKU3N4gHZ/cabernet-sauvignon
Ad,Add,Enabled,Vinellu - Rotulos - Search,rotulo-reservado,Responsive search ad,Reservado vale a pena?,Reservado: reviews reais,Reviews de Reservado,Reservado: nota e safras,Harmonize o Reservado,Escaneie o rótulo e descubra,Reviews de quem já provou,"Safras, notas e harmonização",Sua adega social de vinhos,Mais de 170 mil rótulos,Registre os vinhos que provou,"Foto do rótulo, info na hora",App de vinhos grátis,Vinellu: sua adega social,Descubra antes de abrir,"O que achou quem bebeu Reservado Concha y Toro: reviews, safras e harmonização. Grátis.","Fotografe o rótulo e veja nota, safra e reviews na hora. Monte sua adega no app.","Registre o que provou, siga amigos e descubra rótulos novos. Baixe grátis.","Mais de 170 mil rótulos com safras, notas e harmonização. Tudo num app só.",vinhos,reservado,https://vinellu.com/w/KGSEPknyTg/reservado-cabernet-sauvignon
